id,id,first_name,last_name,email,gender,ip_address
1,1,Allyson,Greenough,agreenough0@e-recht24.de,Female,164.190.228.189
2,2,Lily,Van Der Vlies,lvandervlies1@cdc.gov,Female,155.158.219.135
3,3,Adela,Birkenshaw,abirkenshaw2@cnet.com,Female,190.19.214.129
4,4,Rolfe,Anglish,ranglish3@youku.com,Male,62.99.161.196
5,5,Car,Widdowson,cwiddowson4@yellowpages.com,Male,160.148.60.205
6,6,Wilfrid,Boor,wboor5@imgur.com,Male,34.111.221.246
7,7,Barrie,De La Haye,bdelahaye6@cbsnews.com,Male,122.17.235.56
8,8,Junette,Maskell,jmaskell7@theglobeandmail.com,Female,75.227.145.75
9,9,Rad,Threadgold,rthreadgold8@thetimes.co.uk,Male,196.91.106.30
10,10,Jillene,Alfonzo,jalfonzo9@netscape.com,Female,20.107.38.196
